Selection,Single input (F=1),F=4,F=3 (sqrt p),One tree
0.014493,0.014493,0.014493,0.014493,0.061938
0.000000,0.000000,0.014493,0.000000,0.061443
0.028986,0.028986,0.028986,0.028986,0.061791
0.000000,0.000000,0.000000,0.000000,0.067423
0.043478,0.043478,0.043478,0.043478,0.057083
0.014493,0.014493,0.028986,0.014493,0.064260
0.028986,0.028986,0.028986,0.028986,0.058670
0.028986,0.028986,0.028986,0.057971,0.058810
0.014493,0.014493,0.014493,0.014493,0.065558
0.014493,0.014493,0.028986,0.014493,0.061005
0.043478,0.043478,0.000000,0.000000,0.061742
0.000000,0.000000,0.000000,0.000000,0.065315
0.014493,0.014493,0.028986,0.014493,0.069012
0.057971,0.057971,0.057971,0.057971,0.049746
0.043478,0.043478,0.028986,0.043478,0.059764
0.014493,0.014493,0.014493,0.014493,0.059942
0.043478,0.043478,0.043478,0.043478,0.052940
0.101449,0.072464,0.101449,0.086957,0.048630
0.014493,0.014493,0.014493,0.014493,0.058722
0.014493,0.014493,0.028986,0.028986,0.063970
0.057971,0.057971,0.057971,0.072464,0.055613
0.000000,0.000000,0.014493,0.014493,0.060678
0.014493,0.014493,0.000000,0.000000,0.062748
0.014493,0.014493,0.014493,0.028986,0.063887
0.057971,0.057971,0.072464,0.072464,0.058833
0.043478,0.043478,0.057971,0.043478,0.058977
0.014493,0.014493,0.028986,0.014493,0.061493
0.028986,0.028986,0.043478,0.028986,0.062078
0.028986,0.028986,0.043478,0.043478,0.059282
0.014493,0.014493,0.028986,0.014493,0.057598
0.057971,0.057971,0.043478,0.043478,0.059940
0.014493,0.014493,0.028986,0.014493,0.058716
0.014493,0.014493,0.000000,0.014493,0.063108
0.028986,0.043478,0.028986,0.043478,0.054823
0.057971,0.057971,0.043478,0.043478,0.054445
0.014493,0.014493,0.014493,0.014493,0.057011
0.028986,0.028986,0.057971,0.043478,0.063533
0.043478,0.043478,0.043478,0.043478,0.055917
0.028986,0.028986,0.028986,0.043478,0.058051
0.014493,0.014493,0.028986,0.028986,0.062640
0.028986,0.014493,0.028986,0.028986,0.060682
0.043478,0.043478,0.043478,0.043478,0.060643
0.014493,0.000000,0.014493,0.000000,0.058861
0.014493,0.014493,0.014493,0.014493,0.062907
0.028986,0.028986,0.028986,0.028986,0.062645
0.043478,0.043478,0.043478,0.043478,0.062752
0.028986,0.028986,0.028986,0.028986,0.059876
0.043478,0.043478,0.028986,0.028986,0.063147
0.057971,0.057971,0.057971,0.057971,0.050427
0.043478,0.043478,0.028986,0.043478,0.060723
0.028986,0.028986,0.028986,0.028986,0.064234
0.014493,0.014493,0.014493,0.014493,0.055935
0.014493,0.014493,0.043478,0.014493,0.062624
0.000000,0.000000,0.028986,0.000000,0.064857
0.028986,0.028986,0.043478,0.028986,0.059708
0.000000,0.000000,0.028986,0.014493,0.068631
0.014493,0.014493,0.014493,0.014493,0.062971
0.043478,0.043478,0.043478,0.028986,0.057182
0.043478,0.043478,0.043478,0.028986,0.058503
0.043478,0.043478,0.072464,0.072464,0.056109
0.028986,0.028986,0.028986,0.028986,0.060277
0.057971,0.057971,0.072464,0.086957,0.060288
0.000000,0.000000,0.000000,0.000000,0.066873
0.000000,0.014493,0.000000,0.014493,0.056325
0.057971,0.057971,0.057971,0.057971,0.049832
0.043478,0.043478,0.072464,0.043478,0.054603
0.028986,0.028986,0.028986,0.014493,0.062613
0.057971,0.057971,0.043478,0.057971,0.063920
0.028986,0.028986,0.000000,0.000000,0.066777
0.043478,0.043478,0.043478,0.057971,0.057302
0.014493,0.014493,0.028986,0.014493,0.062017
0.014493,0.014493,0.028986,0.014493,0.064004
0.028986,0.028986,0.028986,0.028986,0.057607
0.000000,0.000000,0.000000,0.000000,0.072085
0.014493,0.014493,0.014493,0.014493,0.065008
0.028986,0.028986,0.028986,0.014493,0.060828
0.028986,0.028986,0.028986,0.043478,0.060759
0.028986,0.028986,0.028986,0.028986,0.063286
0.000000,0.000000,0.000000,0.000000,0.062538
0.014493,0.014493,0.028986,0.028986,0.061523
0.000000,0.000000,0.014493,0.014493,0.067942
0.014493,0.014493,0.028986,0.028986,0.061175
0.014493,0.014493,0.014493,0.014493,0.062597
0.014493,0.014493,0.014493,0.014493,0.061567
0.014493,0.014493,0.014493,0.014493,0.065227
0.000000,0.000000,0.000000,0.000000,0.065376
0.014493,0.014493,0.014493,0.014493,0.064103
0.028986,0.028986,0.028986,0.014493,0.060887
0.028986,0.028986,0.028986,0.028986,0.062363
0.028986,0.028986,0.028986,0.028986,0.059149
0.028986,0.028986,0.028986,0.028986,0.061685
0.028986,0.028986,0.014493,0.014493,0.064814
0.000000,0.000000,0.000000,0.000000,0.066014
0.028986,0.028986,0.043478,0.043478,0.056673
0.000000,0.000000,0.000000,0.000000,0.063333
0.028986,0.028986,0.028986,0.028986,0.062103
0.000000,0.000000,0.000000,0.000000,0.064341
0.028986,0.028986,0.014493,0.028986,0.056282
0.014493,0.014493,0.043478,0.014493,0.061168
0.043478,0.057971,0.043478,0.057971,0.053547
